name,auditor,CG,index,sector,free_float,is_trust
A,"DHARMNITI AUDITING CO., LTD.",3,['SET'],Property Development,25.86,False
A5,"D I A INTERNATIONAL AUDIT CO.,LTD.",0,['mai'],Services,25.01,False
AAV,EY OFFICE LIMITED,5,"['sSET', 'SETTHSI']",Transportation & Logistics,58.59,False
ABICO,EY OFFICE LIMITED,3,['mai'],Agro & Food Industry,32.61,False
ABM,NPS SIAM AUDIT LIMITED.,4,['mai'],Resources,34.67,False
ABPIF,PRICEWATERHOUSE COOPERS ABAS LIMITED,0,['SET'],Energy & Utilities,60.40,True
ACAP,"ANS AUDIT CO., LTD.",0,['mai'],Financials,60.49,False
ACC,KARIN AUDIT COMPANY LIMITED,0,['SET'],Home & Office Products,50.34,False
ACE,PRICEWATERHOUSE COOPERS ABAS LIMITED,4,['SET100'],Energy & Utilities,21.75,False
ACG,KPMG PHOOMCHAI AUDIT LIMITED,4,['SET'],Automotive,24.93,False
ADB,KPMG PHOOMCHAI AUDIT LIMITED,4,['mai'],Industrial,37.56,False
ADVANC,"DELOITTE TOUCHE TOHMATSU JAIYOS  AUDIT CO., LTD.",5,"['SET50', 'SETCLMV', 'SETTHSI']",Information & Communication Technology,36.23,False
AEC,"BPR AUDIT AND ADVISORY CO., LTD.",4,['SET'],Finance & Securities,59.68,False
AEONTS,"DELOITTE TOUCHE TOHMATSU JAIYOS  AUDIT CO., LTD.",4,['SET100'],Finance & Securities,30.87,False
AF,EY OFFICE LIMITED,5,['mai'],Financials,20.60,False
AFC,C&A ACCOUNTING FIRM,0,['SET'],Fashion,43.31,False
AGE,EY OFFICE LIMITED,4,['SET'],Energy & Utilities,44.27,False
AH,EY OFFICE LIMITED,4,['sSET'],Automotive,49.55,False
AHC,"DHARMNITI AUDITING CO., LTD.",4,['SET'],Health Care Services,58.86,False
AI,SIAM TRUTH AUDIT COMPANY LIMITED,0,['sSET'],Energy & Utilities,49.90,False
AIE,SIAM TRUTH AUDIT COMPANY LIMITED,0,['mai'],Resources,26.27,False
AIMCG,"GRANT THORNTON CO., LTD.",0,['SET'],Property Fund & REITs,94.81,True
AIMIRT,EY OFFICE LIMITED,0,['SET'],Property Fund & REITs,91.93,True
AIRA,EY OFFICE LIMITED,5,['mai'],Financials,25.74,False
AIT,EY OFFICE LIMITED,4,['sSET'],Information & Communication Technology,71.51,False
AJ,DR.VIRACH AND ASSOCIATES,3,['sSET'],Packaging,38.22,False
AJA,KARIN AUDIT COMPANY LIMITED,0,['SET'],Home & Office Products,67.05,False
AKP,KARIN AUDIT COMPANY LIMITED,5,['mai'],Services,48.51,False
AKR,"ANS AUDIT CO., LTD.",5,['SET'],Energy & Utilities,59.11,False
ALL,"ANS AUDIT CO., LTD.",3,['mai'],Property & Construction,29.81,False
ALLA,EY OFFICE LIMITED,4,['SET'],Industrial Materials & Machinery,31.78,False
ALLY,KPMG PHOOMCHAI AUDIT LIMITED,0,['SET'],Property Fund & REITs,77.76,True
ALT,PRICEWATERHOUSE COOPERS ABAS LIMITED,5,['sSET'],Information & Communication Technology,24.61,False
ALUCON,KPMG PHOOMCHAI AUDIT LIMITED,3,['SET'],Packaging,21.37,False
AMA,"D I A INTERNATIONAL AUDIT CO.,LTD.",5,['mai'],Services,36.41,False
AMANAH,EY OFFICE LIMITED,4,['sSET'],Finance & Securities,50.62,False
AMARIN,KPMG PHOOMCHAI AUDIT LIMITED,4,['SET'],Media & Publishing,18.30,False
AMATA,EY OFFICE LIMITED,5,"['SET100', 'SETCLMV', 'SETTHSI']",Property Development,73.75,False
AMATAR,EY OFFICE LIMITED,0,['SET'],Property Fund & REITs,82.83,True
AMATAV,EY OFFICE LIMITED,5,['SET'],Property Development,25.95,False
AMC,KPMG PHOOMCHAI AUDIT LIMITED,3,['SET'],Steel,29.10,False
ANAN,EY OFFICE LIMITED,5,['sSET'],Property Development,47.51,False
AOT,EY OFFICE LIMITED,5,"['SET50', 'SETTHSI', 'SETWB']",Transportation & Logistics,30.00,False
AP,EY OFFICE LIMITED,5,"['SET100', 'SETHD']",Property Development,68.77,False
APCO,"AST MASTER CO., LTD.",4,['SET'],Personal Products & Pharmaceuticals,30.78,False
APCS,KARIN AUDIT COMPANY LIMITED,4,['SET'],Construction Services,59.09,False
APEX,"BUNCHIKIJ CO., LTD.",0,['SET'],Property Development,44.30,False
APP,KARIN AUDIT COMPANY LIMITED,3,['mai'],Technology,42.40,False
APURE,"DHARMNITI AUDITING CO., LTD.",4,['SET'],Food & Beverage,26.45,False
AQ,KARIN AUDIT COMPANY LIMITED,0,['SET'],Property Development,74.08,False
AQUA,OFFICE OF PITISEVI COMPANY LIMITED,4,['SET'],Media & Publishing,77.84,False
ARIN,KARIN AUDIT COMPANY LIMITED,3,['mai'],Property & Construction,38.09,False
ARIP,EY OFFICE LIMITED,5,['mai'],Services,34.78,False
ARROW,"ANS AUDIT CO., LTD.",5,['mai'],Property & Construction,28.66,False
AS,MAZARS COMPANY LIMITED,3,['SET'],Media & Publishing,24.92,False
ASAP,SIAM TRUTH AUDIT COMPANY LIMITED,4,['SET'],Finance & Securities,20.51,False
ASEFA,"ANS AUDIT CO., LTD.",4,['SET'],Industrial Materials & Machinery,29.92,False
ASIA,"ANS AUDIT CO., LTD.",4,['SET'],Tourism & Leisure,32.10,False
ASIAN,EY OFFICE LIMITED,4,['sSET'],Food & Beverage,30.30,False
ASIMAR,"DHARMNITI AUDITING CO., LTD.",4,['SET'],Transportation & Logistics,63.38,False
ASK,EY OFFICE LIMITED,4,['sSET'],Finance & Securities,41.80,False
ASN,EY OFFICE LIMITED,4,['mai'],Financials,25.83,False
ASP,EY OFFICE LIMITED,5,['sSET'],Finance & Securities,75.11,False
ATP30,EY OFFICE LIMITED,4,['mai'],Services,55.12,False
AU,EY OFFICE LIMITED,3,['mai'],Agro & Food Industry,33.73,False
AUCT,EY OFFICE LIMITED,4,['mai'],Services,29.39,False
AWC,KPMG PHOOMCHAI AUDIT LIMITED,4,['SET50'],Property Development,24.97,False
AYUD,PRICEWATERHOUSE COOPERS ABAS LIMITED,4,['SET'],Insurance,24.34,False
B,KARIN AUDIT COMPANY LIMITED,4,['SET'],Transportation & Logistics,67.16,False
B-WORK,KPMG PHOOMCHAI AUDIT LIMITED,0,['SET'],Property Fund & REITs,78.99,True
B52,KARIN AUDIT COMPANY LIMITED,3,['SET'],Fashion,44.23,False
BA,EY OFFICE LIMITED,4,['sSET'],Transportation & Logistics,36.41,False
BAFS,EY OFFICE LIMITED,5,"['sSET', 'SETTHSI']",Energy & Utilities,45.18,False
BAM,EY OFFICE LIMITED,4,['SET50'],Finance & Securities,54.20,False
BANPU,PRICEWATERHOUSE COOPERS ABAS LIMITED,5,"['SET100', 'SETCLMV', 'SETTHSI']",Energy & Utilities,87.79,False
BAY,"DELOITTE TOUCHE TOHMATSU JAIYOS  AUDIT CO., LTD.",5,['SET'],Banking,23.12,False
BBL,"DELOITTE TOUCHE TOHMATSU JAIYOS  AUDIT CO., LTD.",4,"['SET50', 'SETHD', 'SETTHSI']",Banking,98.60,False
BC,KPMG PHOOMCHAI AUDIT LIMITED,3,['mai'],Property & Construction,35.06,False
BCH,KPMG PHOOMCHAI AUDIT LIMITED,3,"['SET100', 'SETWB']",Health Care Services,44.00,False
BCP,KPMG PHOOMCHAI AUDIT LIMITED,5,"['SET100', 'SETCLMV', 'SETHD', 'SETTHSI']",Energy & Utilities,59.46,False
BCPG,KPMG PHOOMCHAI AUDIT LIMITED,5,"['SET100', 'SETCLMV', 'SETHD']",Energy & Utilities,29.74,False
BCT,KPMG PHOOMCHAI AUDIT LIMITED,0,['SET'],Petrochemicals & Chemicals,22.62,False
BDMS,EY OFFICE LIMITED,5,"['SET50', 'SETCLMV', 'SETTHSI', 'SETWB']",Health Care Services,64.86,False
BEAUTY,"D I A INTERNATIONAL AUDIT CO.,LTD.",3,['sSET'],Commerce,77.98,False
BEC,DR.VIRACH AND ASSOCIATES,5,"['SET100', 'SETCLMV']",Media & Publishing,56.06,False
BEM,EY OFFICE LIMITED,5,"['SET50', 'SETTHSI', 'SETWB']",Transportation & Logistics,54.02,False
BFIT,PRICEWATERHOUSE COOPERS ABAS LIMITED,4,['SET'],Finance & Securities,17.96,False
BGC,PRICEWATERHOUSE COOPERS ABAS LIMITED,4,['sSET'],Packaging,27.55,False
BGRIM,PRICEWATERHOUSE COOPERS ABAS LIMITED,5,"['SET50', 'SETCLMV', 'SETTHSI']",Energy & Utilities,34.62,False
BGT,"DHARMNITI AUDITING CO., LTD.",3,['mai'],Consumer Products,37.68,False
BH,EY OFFICE LIMITED,3,"['SET50', 'SETCLMV', 'SETWB']",Health Care Services,45.37,False
BIG,EY OFFICE LIMITED,3,['SET'],Commerce,30.59,False
BIZ,"M.R. & ASSOCIATES CO., LTD.",5,['mai'],Consumer Products,24.43,False
BJC,"DELOITTE TOUCHE TOHMATSU JAIYOS  AUDIT CO., LTD.",4,"['SET50', 'SETCLMV', 'SETTHSI', 'SETWB']",Commerce,26.14,False
BJCHI,A.M.T. & ASSOCIATES,4,['sSET'],Construction Services,24.93,False
BKD,"D I A INTERNATIONAL AUDIT CO.,LTD.",3,['SET'],Construction Services,26.97,False
BKI,EY OFFICE LIMITED,5,['SET'],Insurance,84.28,False
BKKCP,"DELOITTE TOUCHE TOHMATSU JAIYOS  AUDIT CO., LTD.",0,['SET'],Property Fund & REITs,No Data,True
BLA,"DELOITTE TOUCHE TOHMATSU JAIYOS  AUDIT CO., LTD.",5,['SET'],Insurance,49.36,False
BLAND,KARIN AUDIT COMPANY LIMITED,3,['SET'],Property Development,72.03,False
BLISS,KARIN AUDIT COMPANY LIMITED,0,['SET'],Information & Communication Technology,79.05,False
BM,"DHARMNITI AUDITING CO., LTD.",3,['mai'],Industrial,39.98,False
BOFFICE,EY OFFICE LIMITED,0,['SET'],Property Fund & REITs,71.68,True
BOL,EY OFFICE LIMITED,5,['mai'],Services,27.58,False
BPP,PRICEWATERHOUSE COOPERS ABAS LIMITED,5,"['SET100', 'SETCLMV', 'SETTHSI']",Energy & Utilities,21.24,False
BR,EY OFFICE LIMITED,3,['SET'],Food & Beverage,52.81,False
BROCK,CWWP COMPANY COMPANY LIMITED,3,['SET'],Property Development,15.91,False
BROOK,A.M.T. & ASSOCIATES,4,['mai'],Financials,30.38,False
BRR,PRICEWATERHOUSE COOPERS ABAS LIMITED,5,['SET'],Food & Beverage,24.81,False
BRRGIF,PRICEWATERHOUSE COOPERS ABAS LIMITED,0,['SET'],Energy & Utilities,46.49,True
BSBM,EY OFFICE LIMITED,3,['SET'],Steel,30.79,False
BSM,"ANS AUDIT CO., LTD.",3,['mai'],Property & Construction,50.02,False
BTNC,KARIN AUDIT COMPANY LIMITED,3,['SET'],Fashion,29.73,False
BTS,EY OFFICE LIMITED,5,"['SET50', 'SETTHSI', 'SETWB']",Transportation & Logistics,59.66,False
BTSGIF,EY OFFICE LIMITED,0,['SET'],Transportation & Logistics,64.51,True
BTW,EY OFFICE LIMITED,4,['mai'],Property & Construction,34.09,False
BUI,"DELOITTE TOUCHE TOHMATSU JAIYOS  AUDIT CO., LTD.",0,['SET'],Insurance,33.61,False
BWG,KARIN AUDIT COMPANY LIMITED,5,['SET'],Professional Services,93.45,False
CAZ,KPMG PHOOMCHAI AUDIT LIMITED,3,['mai'],Property & Construction,39.09,False
CBG,EY OFFICE LIMITED,4,"['SET50', 'SETCLMV', 'SETWB']",Food & Beverage,26.36,False
CCET,EY OFFICE LIMITED,0,['SET'],Electronic Components,26.94,False
CCP,"M.R. & ASSOCIATES CO., LTD.",3,['SET'],Construction Materials,49.54,False
CEN,SP AUDIT COMPANY LIMITED,4,['SET'],Steel,68.73,False
CENTEL,EY OFFICE LIMITED,5,"['SET100', 'SETTHSI', 'SETWB']",Tourism & Leisure,74.35,False
CFRESH,"GRANT THORNTON CO., LTD.",5,['SET'],Food & Beverage,32.01,False
CGD,"DELOITTE TOUCHE TOHMATSU JAIYOS  AUDIT CO., LTD.",3,['SET'],Property Development,43.89,False
CGH,EY OFFICE LIMITED,4,['SET'],Finance & Securities,40.02,False
CHARAN,"D I A INTERNATIONAL AUDIT CO.,LTD.",4,['SET'],Insurance,55.95,False
CHAYO,PRICEWATERHOUSE COOPERS ABAS LIMITED,4,['SET'],Finance & Securities,37.38,False
CHEWA,EY OFFICE LIMITED,5,['mai'],Property & Construction,25.85,False
CHG,EY OFFICE LIMITED,4,"['SET100', 'SETWB']",Health Care Services,42.61,False
CHO,KPMG PHOOMCHAI AUDIT LIMITED,5,['mai'],Industrial,45.80,False
CHOTI,KPMG PHOOMCHAI AUDIT LIMITED,4,['SET'],Food & Beverage,20.12,False
CHOW,EY OFFICE LIMITED,4,['mai'],Industrial,37.41,False
CI,"DELOITTE TOUCHE TOHMATSU JAIYOS  AUDIT CO., LTD.",4,['SET'],Property Development,30.16,False
CIG,"SAMNAK-NGAN A.M.C. CO., LTD.",4,['mai'],Industrial,70.14,False
CIMBT,PRICEWATERHOUSE COOPERS ABAS LIMITED,5,['SET'],Banking,5.17,False
CITY,"DHARMNITI AUDITING CO., LTD.",3,['SET'],Steel,26.68,False
CK,EY OFFICE LIMITED,5,"['SET100', 'SETCLMV', 'SETTHSI']",Construction Services,66.79,False
CKP,EY OFFICE LIMITED,5,"['SET100', 'SETCLMV', 'SETTHSI']",Energy & Utilities,23.81,False
CM,"AST MASTER CO., LTD.",5,['SET'],Food & Beverage,36.95,False
CMAN,PKF AUDIT (THAILAND) LIMITED,3,['SET'],Petrochemicals & Chemicals,38.23,False
CMC,PRICEWATERHOUSE COOPERS ABAS LIMITED,4,['mai'],Property & Construction,34.79,False
CMO,"ANS AUDIT CO., LTD.",3,['mai'],Services,57.91,False
CMR,"DHARMNITI AUDITING CO., LTD.",3,['SET'],Health Care Services,15.12,False
CNT,EY OFFICE LIMITED,5,['SET'],Construction Services,27.83,False
COLOR,PRICEWATERHOUSE COOPERS ABAS LIMITED,4,['mai'],Industrial,49.82,False
COM7,PRICEWATERHOUSE COOPERS ABAS LIMITED,4,"['SET50', 'SETWB']",Commerce,46.42,False
COMAN,"DHARMNITI AUDITING CO., LTD.",5,['mai'],Technology,42.86,False
COTTO,KPMG PHOOMCHAI AUDIT LIMITED,5,['SET'],Construction Materials,15.10,False
CPALL,KPMG PHOOMCHAI AUDIT LIMITED,5,"['SET50', 'SETTHSI', 'SETWB']",Commerce,56.65,False
CPF,KPMG PHOOMCHAI AUDIT LIMITED,5,"['SET50', 'SETCLMV', 'SETTHSI', 'SETWB']",Food & Beverage,45.65,False
CPH,KARIN AUDIT COMPANY LIMITED,0,['SET'],Fashion,40.67,False
CPI,EY OFFICE LIMITED,5,['SET'],Food & Beverage,50.51,False
CPL,CWWP COMPANY COMPANY LIMITED,4,['SET'],Fashion,28.98,False
CPN,KPMG PHOOMCHAI AUDIT LIMITED,5,"['SET50', 'SETTHSI']",Property Development,62.76,False
CPNCG,KPMG PHOOMCHAI AUDIT LIMITED,0,['SET'],Property Fund & REITs,No Data,True
CPNREIT,KPMG PHOOMCHAI AUDIT LIMITED,0,['SET'],Property Fund & REITs,73.13,True
CPR,KPMG PHOOMCHAI AUDIT LIMITED,0,['mai'],Industrial,18.21,False
CPT,"ANS AUDIT CO., LTD.",3,['SET'],Industrial Materials & Machinery,45.87,False
CPTGF,EY OFFICE LIMITED,0,['SET'],Property Fund & REITs,No Data,True
CPW,KPMG PHOOMCHAI AUDIT LIMITED,3,['SET'],Commerce,31.80,False
CRANE,PV AUDIT COMPANY LIMITED,3,['SET'],Industrial Materials & Machinery,49.76,False
CRC,KPMG PHOOMCHAI AUDIT LIMITED,4,"['SET50', 'SETCLMV', 'SETWB']",Commerce,52.51,False
CRD,"AST MASTER CO., LTD.",4,['mai'],Property & Construction,25.96,False
CSC,EY OFFICE LIMITED,4,['SET'],Packaging,38.07,False
CSP,SP AUDIT COMPANY LIMITED,4,['SET'],Steel,16.28,False
CSR,CWWP COMPANY COMPANY LIMITED,3,['SET'],Tourism & Leisure,21.08,False
CSS,EY OFFICE LIMITED,5,['SET'],Commerce,69.72,False
CTARAF,EY OFFICE LIMITED,0,['SET'],Property Fund & REITs,No Data,True
CTW,EY OFFICE LIMITED,0,['SET'],Industrial Materials & Machinery,26.81,False
CWT,RSM AUDIT SERVICES (THAILAND),4,['SET'],Automotive,55.24,False
D,"D I A INTERNATIONAL AUDIT CO.,LTD.",3,['mai'],Services,33.99,False
DCC,KARIN AUDIT COMPANY LIMITED,4,['SET'],Construction Materials,45.28,False
DCON,"D I A INTERNATIONAL AUDIT CO.,LTD.",4,['SET'],Construction Materials,28.28,False
DDD,KPMG PHOOMCHAI AUDIT LIMITED,4,['sSET'],Personal Products & Pharmaceuticals,25.52,False
DELTA,EY OFFICE LIMITED,5,"['SET50', 'SETTHSI']",Electronic Components,22.35,False
DEMCO,"DHARMNITI AUDITING CO., LTD.",5,['SET'],Energy & Utilities,66.83,False
DHOUSE,SIAM TRUTH AUDIT COMPANY LIMITED,0,['mai'],Property & Construction,25.14,False
DIF,PRICEWATERHOUSE COOPERS ABAS LIMITED,0,['SET'],Information & Communication Technology,71.55,True
DIMET,SP AUDIT COMPANY LIMITED,0,['mai'],Property & Construction,59.90,False
DOD,EY OFFICE LIMITED,4,['mai'],Consumer Products,39.13,False
DOHOME,EY OFFICE LIMITED,4,"['SET100', 'SETWB']",Commerce,27.47,False
DREIT,KPMG PHOOMCHAI AUDIT LIMITED,0,['SET'],Property Fund & REITs,69.68,True
DRT,KPMG PHOOMCHAI AUDIT LIMITED,5,"['sSET', 'SETTHSI']",Construction Materials,36.89,False
DTAC,EY OFFICE LIMITED,5,"['SET50', 'SETTHSI']",Information & Communication Technology,29.37,False
DTC,KPMG PHOOMCHAI AUDIT LIMITED,5,['SET'],Tourism & Leisure,26.72,False
DTCI,OFFICE OF PITISEVI COMPANY LIMITED,0,['SET'],Home & Office Products,27.49,False
DV8,KARIN AUDIT COMPANY LIMITED,5,['mai'],Services,42.61,False
EA,PRICEWATERHOUSE COOPERS ABAS LIMITED,5,"['SET50', 'SETTHSI']",Energy & Utilities,39.67,False
EASON,"DHARMNITI AUDITING CO., LTD.",4,['SET'],Automotive,52.03,False
EASTW,PRICEWATERHOUSE COOPERS ABAS LIMITED,5,['SETTHSI'],Energy & Utilities,41.03,False
ECF,"M.R. & ASSOCIATES CO., LTD.",5,['mai'],Consumer Products,49.71,False
ECL,"D I A INTERNATIONAL AUDIT CO.,LTD.",5,['SET'],Finance & Securities,47.81,False
EE,KARIN AUDIT COMPANY LIMITED,4,['SET'],Agribusiness,31.38,False
EFORL,"GRANT THORNTON CO., LTD.",0,['mai'],Services,51.38,False
EGATIF,EY OFFICE LIMITED,0,['SET'],Energy & Utilities,60.78,True
EGCO,PRICEWATERHOUSE COOPERS ABAS LIMITED,5,"['SET50', 'SETCLMV', 'SETTHSI']",Energy & Utilities,50.01,False
EKH,EY OFFICE LIMITED,3,['sSET'],Health Care Services,55.62,False
EMC,"D I A INTERNATIONAL AUDIT CO.,LTD.",0,['SET'],Construction Services,31.93,False
EP,OFFICE OF PITISEVI COMPANY LIMITED,3,['sSET'],Energy & Utilities,38.01,False
EPG,PRICEWATERHOUSE COOPERS ABAS LIMITED,5,['SET100'],Construction Materials,25.90,False
ERW,KPMG PHOOMCHAI AUDIT LIMITED,4,['sSET'],Tourism & Leisure,62.27,False
ERWPF,KPMG PHOOMCHAI AUDIT LIMITED,0,['SET'],Property Fund & REITs,No Data,True
ESSO,PRICEWATERHOUSE COOPERS ABAS LIMITED,3,['SET100'],Energy & Utilities,34.01,False
ESTAR,EY OFFICE LIMITED,4,['SET'],Property Development,39.65,False
ETC,KARIN AUDIT COMPANY LIMITED,0,['SET'],Energy & Utilities,29.46,False
ETE,PRICEWATERHOUSE COOPERS ABAS LIMITED,5,['mai'],Services,44.06,False
EVER,"DELOITTE TOUCHE TOHMATSU JAIYOS  AUDIT CO., LTD.",0,['SET'],Property Development,68.80,False
F&D,"BUNCHIKIJ CO., LTD.",0,['SET'],Food & Beverage,27.09,False
FANCY,KARIN AUDIT COMPANY LIMITED,0,['SET'],Home & Office Products,51.43,False
FE,DR.VIRACH AND ASSOCIATES,4,['SET'],Media & Publishing,21.79,False
FLOYD,SIAM TRUTH AUDIT COMPANY LIMITED,4,['mai'],Property & Construction,25.83,False
FMT,KPMG PHOOMCHAI AUDIT LIMITED,3,['SET'],Industrial Materials & Machinery,35.25,False
FN,EY OFFICE LIMITED,4,['SET'],Commerce,32.82,False
FNS,"DELOITTE TOUCHE TOHMATSU JAIYOS  AUDIT CO., LTD.",5,['SET'],Finance & Securities,46.28,False
FORTH,EY OFFICE LIMITED,4,['SET'],Information & Communication Technology,33.29,False
FPI,"GRANT THORNTON CO., LTD.",5,['mai'],Industrial,22.18,False
FPT,KPMG PHOOMCHAI AUDIT LIMITED,5,['SET'],Property Development,16.70,False
FSMART,EY OFFICE LIMITED,5,['mai'],Services,35.02,False
FSS,EY OFFICE LIMITED,4,['SET'],Finance & Securities,36.15,False
FTE,PV AUDIT COMPANY LIMITED,4,['SET'],Commerce,35.18,False
FTREIT,KPMG PHOOMCHAI AUDIT LIMITED,0,['SET'],Property Fund & REITs,59.70,True
FUTUREPF,PRICEWATERHOUSE COOPERS ABAS LIMITED,0,['SET'],Property Fund & REITs,No Data,True
FVC,EY OFFICE LIMITED,4,['mai'],Services,74.05,False
GAHREIT,SP AUDIT COMPANY LIMITED,0,['SET'],Property Fund & REITs,89.97,True
GBX,"DELOITTE TOUCHE TOHMATSU JAIYOS  AUDIT CO., LTD.",5,['SET'],Finance & Securities,58.69,False
GC,EY OFFICE LIMITED,5,['SET'],Petrochemicals & Chemicals,33.61,False
GCAP,"DHARMNITI AUDITING CO., LTD.",5,['mai'],Financials,74.74,False
GEL,PROUD IN PRO COMPANY LIMITED,5,['SET'],Construction Materials,82.96,False
GENCO,"BPR AUDIT AND ADVISORY CO., LTD.",4,['SET'],Professional Services,71.81,False
GFPT,"SAMNAK-NGAN A.M.C. CO., LTD.",5,"['SET100', 'SETTHSI', 'SETWB']",Agribusiness,57.84,False
GGC,"DELOITTE TOUCHE TOHMATSU JAIYOS  AUDIT CO., LTD.",5,"['sSET', 'SETTHSI']",Petrochemicals & Chemicals,27.69,False
GIFT,"DHARMNITI AUDITING CO., LTD.",3,['SET'],Petrochemicals & Chemicals,40.54,False
GJS,BAKER TILLY AUDIT AND ADVISORY SERVICES (THAILAND) LTD.,4,['SET'],Steel,30.91,False
GL,KPMG PHOOMCHAI AUDIT LIMITED,4,['SET'],Finance & Securities,35.59,False
GLAND,KPMG PHOOMCHAI AUDIT LIMITED,4,['SET'],Property Development,5.09,False
GLOBAL,"M.R. & ASSOCIATES CO., LTD.",4,"['SET50', 'SETCLMV', 'SETWB']",Commerce,30.96,False
GLOCON,"DELOITTE TOUCHE TOHMATSU JAIYOS  AUDIT CO., LTD.",4,['SET'],Packaging,58.16,False
GOLDPF,KPMG PHOOMCHAI AUDIT LIMITED,0,['SET'],Property Fund & REITs,No Data,True
GPI,"D I A INTERNATIONAL AUDIT CO.,LTD.",4,['SET'],Media & Publishing,40.15,False
GPSC,PRICEWATERHOUSE COOPERS ABAS LIMITED,5,"['SET50', 'SETTHSI']",Energy & Utilities,24.74,False
GRAMMY,EY OFFICE LIMITED,5,['SET'],Media & Publishing,20.57,False
GRAND,PRICEWATERHOUSE COOPERS ABAS LIMITED,0,['SET'],Tourism & Leisure,36.35,False
GREEN,"DHARMNITI AUDITING CO., LTD.",3,['SET'],Energy & Utilities,48.66,False
GSC,"BPR AUDIT AND ADVISORY CO., LTD.",3,['mai'],Services,36.00,False
GSTEEL,BAKER TILLY AUDIT AND ADVISORY SERVICES (THAILAND) LTD.,0,['SET'],Steel,26.08,False
GTB,"ANS AUDIT CO., LTD.",3,['mai'],Industrial,24.75,False
GULF,KPMG PHOOMCHAI AUDIT LIMITED,4,"['SET50', 'SETCLMV', 'SETTHSI']",Energy & Utilities,26.71,False
GUNKUL,KPMG PHOOMCHAI AUDIT LIMITED,5,"['SET100', 'SETHD']",Energy & Utilities,44.03,False
GVREIT,KPMG PHOOMCHAI AUDIT LIMITED,0,['SET'],Property Fund & REITs,76.83,True
GYT,PRICEWATERHOUSE COOPERS ABAS LIMITED,4,['SET'],Automotive,25.59,False
HANA,EY OFFICE LIMITED,5,"['SET100', 'SETHD', 'SETTHSI']",Electronic Components,50.46,False
HARN,"DHARMNITI AUDITING CO., LTD.",5,['mai'],Services,32.83,False
HFT,PRICEWATERHOUSE COOPERS ABAS LIMITED,0,['sSET'],Automotive,47.18,False
HMPRO,EY OFFICE LIMITED,5,"['SET50', 'SETTHSI', 'SETWB']",Commerce,45.87,False
HPF,ASV & ASSOCIATES LIMITED,0,['SET'],Property Fund & REITs,25.32,True
HPT,"AST MASTER CO., LTD.",4,['mai'],Consumer Products,22.98,False
HREIT,PRICEWATERHOUSE COOPERS ABAS LIMITED,0,['SET'],Property Fund & REITs,74.53,True
HTC,KPMG PHOOMCHAI AUDIT LIMITED,4,"['sSET', 'SETTHSI']",Food & Beverage,31.49,False
HTECH,C&A ACCOUNTING FIRM,3,['SET'],Industrial Materials & Machinery,74.93,False
HUMAN,"DELOITTE TOUCHE TOHMATSU JAIYOS  AUDIT CO., LTD.",3,['sSET'],Information & Communication Technology,46.68,False
HYDRO,"SAMNAK-NGAN A.M.C. CO., LTD.",0,['mai'],Property & Construction,35.02,False
ICC,KPMG PHOOMCHAI AUDIT LIMITED,5,['SET'],Fashion,27.39,False
ICHI,KPMG PHOOMCHAI AUDIT LIMITED,5,"['sSET', 'SETCLMV']",Food & Beverage,46.59,False
ICN,"DHARMNITI AUDITING CO., LTD.",4,['mai'],Technology,56.53,False
IFEC,A.M.T. & ASSOCIATES,0,['SET'],Energy & Utilities,88.18,False
IFS,"DELOITTE TOUCHE TOHMATSU JAIYOS  AUDIT CO., LTD.",4,['SET'],Finance & Securities,26.81,False
IHL,EY OFFICE LIMITED,3,['SET'],Automotive,44.81,False
IIG,PRICEWATERHOUSE COOPERS ABAS LIMITED,0,['mai'],Technology,31.13,False
III,PRICEWATERHOUSE COOPERS ABAS LIMITED,5,['sSET'],Transportation & Logistics,35.86,False
ILINK,PRICEWATERHOUSE COOPERS ABAS LIMITED,5,['sSET'],Information & Communication Technology,48.25,False
ILM,KPMG PHOOMCHAI AUDIT LIMITED,4,['sSET'],Commerce,25.07,False
IMH,A.M.T. & ASSOCIATES,4,['mai'],Services,27.22,False
IMPACT,EY OFFICE LIMITED,0,['SET'],Property Fund & REITs,49.96,True
IND,EY OFFICE LIMITED,0,['mai'],Property & Construction,46.14,False
INET,C&A ACCOUNTING FIRM,4,['SET'],Information & Communication Technology,50.51,False
INGRS,EY OFFICE LIMITED,0,['SET'],Automotive,39.43,False
INOX,KPMG PHOOMCHAI AUDIT LIMITED,3,['SET'],Steel,15.31,False
INSET,"ANS AUDIT CO., LTD.",3,['mai'],Technology,39.06,False
INSURE,KPMG PHOOMCHAI AUDIT LIMITED,4,['SET'],Insurance,24.92,False
INTUCH,"DELOITTE TOUCHE TOHMATSU JAIYOS  AUDIT CO., LTD.",5,"['SET50', 'SETCLMV', 'SETHD', 'SETTHSI']",Information & Communication Technology,63.21,False
IP,EY OFFICE LIMITED,3,['mai'],Consumer Products,42.66,False
IRC,PRICEWATERHOUSE COOPERS ABAS LIMITED,4,['SET'],Automotive,23.63,False
IRCP,"DHARMNITI AUDITING CO., LTD.",4,['mai'],Technology,80.79,False
IRPC,"DELOITTE TOUCHE TOHMATSU JAIYOS  AUDIT CO., LTD.",5,"['SET100', 'SETCLMV', 'SETTHSI']",Energy & Utilities,52.44,False
IT,EY OFFICE LIMITED,4,['SET'],Commerce,40.50,False
ITD,"GRANT THORNTON CO., LTD.",4,['sSET'],Construction Services,77.06,False
ITEL,PRICEWATERHOUSE COOPERS ABAS LIMITED,4,['mai'],Technology,36.59,False
IVL,KPMG PHOOMCHAI AUDIT LIMITED,5,"['SET50', 'SETHD', 'SETTHSI']",Petrochemicals & Chemicals,35.11,False
J,EY OFFICE LIMITED,4,['SET'],Property Development,22.56,False
JAK,"DELOITTE TOUCHE TOHMATSU JAIYOS  AUDIT CO., LTD.",0,['mai'],Property & Construction,26.99,False
JAS,EY OFFICE LIMITED,4,['SET100'],Information & Communication Technology,44.61,False
JASIF,EY OFFICE LIMITED,0,['SET'],Information & Communication Technology,73.91,True
JCK,EY OFFICE LIMITED,4,['sSET'],Property Development,44.17,False
JCKH,EY OFFICE LIMITED,4,['mai'],Agro & Food Industry,55.06,False
JCT,"DHARMNITI AUDITING CO., LTD.",0,['SET'],Personal Products & Pharmaceuticals,25.51,False
JKN,"DHARMNITI AUDITING CO., LTD.",5,['sSET'],Media & Publishing,35.14,False
JMART,EY OFFICE LIMITED,4,['SET100'],Information & Communication Technology,53.92,False
JMT,EY OFFICE LIMITED,4,['SET100'],Finance & Securities,47.09,False
JR,EY OFFICE LIMITED,0,['SET'],Information & Communication Technology,42.93,False
JSP,KPMG PHOOMCHAI AUDIT LIMITED,5,['mai'],Property & Construction,56.68,False
JTS,EY OFFICE LIMITED,3,['SET'],Information & Communication Technology,34.15,False
JUBILE,PV AUDIT COMPANY LIMITED,3,['mai'],Consumer Products,45.00,False
JUTHA,"D I A INTERNATIONAL AUDIT CO.,LTD.",0,['SET'],Transportation & Logistics,52.52,False
JWD,KPMG PHOOMCHAI AUDIT LIMITED,5,"['sSET', 'SETTHSI']",Transportation & Logistics,41.21,False
K,"AST MASTER CO., LTD.",5,['mai'],Property & Construction,45.71,False
KAMART,EY OFFICE LIMITED,0,['sSET'],Commerce,72.61,False
KASET,C&A ACCOUNTING FIRM,3,['mai'],Agro & Food Industry,27.09,False
KBANK,KPMG PHOOMCHAI AUDIT LIMITED,5,"['SET50', 'SETCLMV', 'SETHD', 'SETTHSI']",Banking,74.48,False
KBS,EY OFFICE LIMITED,4,['SET'],Food & Beverage,40.07,False
KBSPIF,EY OFFICE LIMITED,0,['SET'],Energy & Utilities,84.68,True
KC,"D I A INTERNATIONAL AUDIT CO.,LTD.",0,['SET'],Property Development,62.46,False
KCAR,"DHARMNITI AUDITING CO., LTD.",4,['SET'],Finance & Securities,26.50,False
KCE,KPMG PHOOMCHAI AUDIT LIMITED,5,['SET100'],Electronic Components,58.08,False
KCM,"ANS AUDIT CO., LTD.",3,['mai'],Industrial,29.38,False
KDH,EY OFFICE LIMITED,0,['SET'],Health Care Services,35.94,False
KEX,PRICEWATERHOUSE COOPERS ABAS LIMITED,0,['SET'],Transportation & Logistics,25.10,False
KGI,"DELOITTE TOUCHE TOHMATSU JAIYOS  AUDIT CO., LTD.",4,['sSET'],Finance & Securities,65.02,False
KIAT,"ANS AUDIT CO., LTD.",4,['mai'],Services,45.72,False
KISS,PRICEWATERHOUSE COOPERS ABAS LIMITED,0,['SET'],Personal Products & Pharmaceuticals,25.00,False
KK,PV AUDIT COMPANY LIMITED,0,['mai'],Services,33.72,False
KKC,EY OFFICE LIMITED,3,['SET'],Industrial Materials & Machinery,48.15,False
KKP,PRICEWATERHOUSE COOPERS ABAS LIMITED,5,"['SET100', 'SETCLMV', 'SETHD', 'SETTHSI']",Banking,86.89,False
KOOL,C&A ACCOUNTING FIRM,4,['mai'],Services,47.87,False
KPNPF,"GRANT THORNTON CO., LTD.",0,['SET'],Property Fund & REITs,No Data,True
KSL,"DELOITTE TOUCHE TOHMATSU JAIYOS  AUDIT CO., LTD.",5,"['sSET', 'SETCLMV']",Food & Beverage,27.81,False
KTB,EY OFFICE LIMITED,5,"['SET50', 'SETHD', 'SETTHSI']",Banking,44.93,False
KTC,"DELOITTE TOUCHE TOHMATSU JAIYOS  AUDIT CO., LTD.",5,"['SET50', 'SETTHSI']",Finance & Securities,40.45,False
KTIS,EY OFFICE LIMITED,4,['SET'],Food & Beverage,20.73,False
KUMWEL,"D I A INTERNATIONAL AUDIT CO.,LTD.",3,['mai'],Industrial,33.09,False
KUN,PRICEWATERHOUSE COOPERS ABAS LIMITED,3,['mai'],Property & Construction,40.96,False
KWC,DR.VIRACH AND ASSOCIATES,4,['SET'],Transportation & Logistics,64.56,False
KWG,"DELOITTE TOUCHE TOHMATSU JAIYOS  AUDIT CO., LTD.",3,['SET'],Property Development,14.13,False
KWM,"M.R. & ASSOCIATES CO., LTD.",4,['mai'],Industrial,26.40,False
KYE,KPMG PHOOMCHAI AUDIT LIMITED,3,['SET'],Home & Office Products,29.50,False
L&E,KPMG PHOOMCHAI AUDIT LIMITED,4,['SET'],Home & Office Products,36.08,False
LALIN,CWWP COMPANY COMPANY LIMITED,4,['sSET'],Property Development,29.85,False
LANNA,EY OFFICE LIMITED,5,['sSET'],Energy & Utilities,24.40,False
LDC,"D I A INTERNATIONAL AUDIT CO.,LTD.",4,['mai'],Services,37.97,False
LEE,EY OFFICE LIMITED,3,['SET'],Agribusiness,48.57,False
LEO,KPMG PHOOMCHAI AUDIT LIMITED,0,['mai'],Services,40.99,False
LH,EY OFFICE LIMITED,5,"['SET50', 'SETHD']",Property Development,69.40,False
LHFG,EY OFFICE LIMITED,5,['SET'],Banking,16.84,False
LHHOTEL,EY OFFICE LIMITED,0,['SET'],Property Fund & REITs,84.75,True
LHK,EY OFFICE LIMITED,4,['SET'],Steel,32.35,False
LHPF,EY OFFICE LIMITED,0,['SET'],Property Fund & REITs,No Data,True
LHSC,EY OFFICE LIMITED,0,['SET'],Property Fund & REITs,90.86,True
LIT,EY OFFICE LIMITED,5,['mai'],Financials,57.28,False
LOXLEY,KPMG PHOOMCHAI AUDIT LIMITED,4,['sSET'],Commerce,62.77,False
LPF,PRICEWATERHOUSE COOPERS ABAS LIMITED,0,['SET'],Property Fund & REITs,No Data,True
LPH,"DHARMNITI AUDITING CO., LTD.",4,['sSET'],Health Care Services,51.32,False
LPN,"D I A INTERNATIONAL AUDIT CO.,LTD.",5,"['sSET', 'SETTHSI']",Property Development,91.11,False
LRH,EY OFFICE LIMITED,4,['SET'],Tourism & Leisure,12.16,False
LST,EY OFFICE LIMITED,4,['SET'],Food & Beverage,23.94,False
LUXF,PV AUDIT COMPANY LIMITED,0,['SET'],Property Fund & REITs,No Data,True
M,EY OFFICE LIMITED,4,['SETWB'],Food & Beverage,27.34,False
M-CHAI,OFFICE OF PITISEVI COMPANY LIMITED,3,['SET'],Health Care Services,39.77,False
M-II,ASV & ASSOCIATES LIMITED,0,['SET'],Property Fund & REITs,No Data,True
M-PAT,ASV & ASSOCIATES LIMITED,0,['SET'],Property Fund & REITs,29.23,True
M-STOR,"DHARMNITI AUDITING CO., LTD.",0,['SET'],Property Fund & REITs,No Data,True
MACO,EY OFFICE LIMITED,4,['sSET'],Media & Publishing,30.13,False
MAJOR,PRICEWATERHOUSE COOPERS ABAS LIMITED,4,"['SET100', 'SETCLMV', 'SETHD', 'SETTHSI']",Media & Publishing,49.70,False
MAKRO,KPMG PHOOMCHAI AUDIT LIMITED,5,['SET'],Commerce,6.92,False
MALEE,EY OFFICE LIMITED,5,['SET'],Food & Beverage,48.48,False
MANRIN,"D I A INTERNATIONAL AUDIT CO.,LTD.",0,['SET'],Tourism & Leisure,35.11,False
MATCH,PRICEWATERHOUSE COOPERS ABAS LIMITED,3,['SET'],Media & Publishing,12.39,False
MATI,"SAMNAK-NGAN A.M.C. CO., LTD.",3,['SET'],Media & Publishing,33.63,False
MAX,CWWP COMPANY COMPANY LIMITED,0,['SET'],Agribusiness,86.88,False
MBAX,KARIN AUDIT COMPANY LIMITED,4,['mai'],Industrial,53.00,False
MBK,EY OFFICE LIMITED,5,"['SET100', 'SETHD']",Property Development,45.61,False
MBKET,EY OFFICE LIMITED,5,['SET'],Finance & Securities,16.75,False
MC,"DELOITTE TOUCHE TOHMATSU JAIYOS  AUDIT CO., LTD.",5,['sSET'],Commerce,42.76,False
MCOT,EY OFFICE LIMITED,5,['SET'],Media & Publishing,22.71,False
MCS,KPMG PHOOMCHAI AUDIT LIMITED,3,['sSET'],Steel,76.63,False
MDX,CWWP COMPANY COMPANY LIMITED,3,['SET'],Energy & Utilities,71.37,False
MEGA,KPMG PHOOMCHAI AUDIT LIMITED,4,"['SET100', 'SETCLMV', 'SETWB']",Commerce,38.75,False
META,"BPR AUDIT AND ADVISORY CO., LTD.",4,['mai'],Property & Construction,65.94,False
METCO,KPMG PHOOMCHAI AUDIT LIMITED,5,['SET'],Electronic Components,22.81,False
MFC,PV AUDIT COMPANY LIMITED,4,['SET'],Finance & Securities,34.12,False
MFEC,EY OFFICE LIMITED,5,['SET'],Information & Communication Technology,68.46,False
MGT,EY OFFICE LIMITED,4,['mai'],Industrial,24.95,False
MICRO,EY OFFICE LIMITED,0,['SET'],Finance & Securities,34.23,False
MIDA,"GRANT THORNTON CO., LTD.",0,['SET'],Commerce,54.52,False
MILL,PKF AUDIT (THAILAND) LIMITED,4,['SET'],Steel,29.38,False
MINT,PRICEWATERHOUSE COOPERS ABAS LIMITED,5,"['SET50', 'SETCLMV', 'SETTHSI', 'SETWB']",Food & Beverage,61.55,False
MIPF,PV AUDIT COMPANY LIMITED,0,['SET'],Property Fund & REITs,No Data,True
MIT,"DELOITTE TOUCHE TOHMATSU JAIYOS  AUDIT CO., LTD.",0,['SET'],Property Fund & REITs,78.07,True
MITSIB,KPMG PHOOMCHAI AUDIT LIMITED,4,['mai'],Financials,81.93,False
MJD,EY OFFICE LIMITED,3,['SET'],Property Development,32.54,False
MJLF,PRICEWATERHOUSE COOPERS ABAS LIMITED,0,['SET'],Property Fund & REITs,No Data,True
MK,KPMG PHOOMCHAI AUDIT LIMITED,4,['sSET'],Property Development,57.75,False
ML,"GRANT THORNTON CO., LTD.",0,['SET'],Finance & Securities,44.64,False
MM,EY OFFICE LIMITED,3,['mai'],Agro & Food Industry,19.84,False
MNIT,ASV & ASSOCIATES LIMITED,0,['SET'],Property Fund & REITs,No Data,True
MNIT2,ASV & ASSOCIATES LIMITED,0,['SET'],Property Fund & REITs,No Data,True
MNRF,ASV & ASSOCIATES LIMITED,0,['SET'],Property Fund & REITs,No Data,True
MODERN,EY OFFICE LIMITED,4,['SET'],Home & Office Products,70.70,False
MONO,EY OFFICE LIMITED,5,['sSET'],Media & Publishing,27.30,False
MOONG,"D I A INTERNATIONAL AUDIT CO.,LTD.",5,['mai'],Consumer Products,31.47,False
MORE,KARIN AUDIT COMPANY LIMITED,3,['mai'],Services,50.74,False
MPG,A.M.T. & ASSOCIATES,0,['mai'],Services,53.79,False
MPIC,PRICEWATERHOUSE COOPERS ABAS LIMITED,0,['SET'],Media & Publishing,7.54,False
MSC,"DELOITTE TOUCHE TOHMATSU JAIYOS  AUDIT CO., LTD.",5,['SET'],Information & Communication Technology,35.59,False
MTC,KPMG PHOOMCHAI AUDIT LIMITED,5,"['SET50', 'SETTHSI']",Finance & Securities,32.11,False
MTI,EY OFFICE LIMITED,4,['SET'],Insurance,47.50,False
MVP,SIAM TRUTH AUDIT COMPANY LIMITED,4,['mai'],Services,30.07,False
NBC,KPMG PHOOMCHAI AUDIT LIMITED,0,['mai'],Services,20.94,False
NC,KARIN AUDIT COMPANY LIMITED,3,['SET'],Fashion,28.07,False
NCAP,PRICEWATERHOUSE COOPERS ABAS LIMITED,0,['SET'],Finance & Securities,33.57,False
NCH,"DHARMNITI AUDITING CO., LTD.",5,['SET'],Property Development,38.03,False
NCL,EY OFFICE LIMITED,5,['mai'],Services,34.91,False
NDR,"GRANT THORNTON CO., LTD.",3,['mai'],Industrial,23.09,False
NEP,"DHARMNITI AUDITING CO., LTD.",5,['SET'],Packaging,41.49,False
NER,"M.R. & ASSOCIATES CO., LTD.",3,['sSET'],Agribusiness,38.19,False
NETBAY,EY OFFICE LIMITED,4,['mai'],Technology,49.00,False
NEW,OFFICE OF PITISEVI COMPANY LIMITED,0,['SET'],Health Care Services,18.31,False
NEWS,CWWP COMPANY COMPANY LIMITED,0,['mai'],Services,53.81,False
NEX,"DHARMNITI AUDITING CO., LTD.",4,['sSET'],Electronic Components,71.46,False
NFC,KARIN AUDIT COMPANY LIMITED,3,['SET'],Petrochemicals & Chemicals,11.92,False
NINE,EY OFFICE LIMITED,4,['mai'],Services,19.08,False
NKI,EY OFFICE LIMITED,5,['SET'],Insurance,56.90,False
NMG,KPMG PHOOMCHAI AUDIT LIMITED,0,['SET'],Media & Publishing,52.97,False
NNCL,KPMG PHOOMCHAI AUDIT LIMITED,3,['SET'],Property Development,27.55,False
NOBLE,PRICEWATERHOUSE COOPERS ABAS LIMITED,5,['sSET'],Property Development,31.22,False
NOK,"DELOITTE TOUCHE TOHMATSU JAIYOS  AUDIT CO., LTD.",0,['SET'],Transportation & Logistics,11.75,False
NOVA,EY OFFICE LIMITED,3,['SET'],Steel,17.02,False
NPK,"BUNCHIKIJ CO., LTD.",3,['mai'],Consumer Products,23.98,False
NRF,EY OFFICE LIMITED,0,['SET'],Food & Beverage,27.54,False
NSI,EY OFFICE LIMITED,5,['SET'],Insurance,37.50,False
NTV,DR.VIRACH AND ASSOCIATES,4,['SET'],Health Care Services,36.08,False
NUSA,EY OFFICE LIMITED,3,['SET'],Property Development,70.24,False
NVD,PRICEWATERHOUSE COOPERS ABAS LIMITED,5,['SET'],Property Development,24.67,False
NWR,EY OFFICE LIMITED,4,['SET'],Construction Services,89.34,False
NYT,EY OFFICE LIMITED,5,['sSET'],Transportation & Logistics,40.67,False
OCC,"D I A INTERNATIONAL AUDIT CO.,LTD.",4,['SET'],Personal Products & Pharmaceuticals,36.90,False
OCEAN,"D I A INTERNATIONAL AUDIT CO.,LTD.",3,['mai'],Consumer Products,46.22,False
OGC,"DHARMNITI AUDITING CO., LTD.",4,['SET'],Home & Office Products,36.51,False
OHTL,PRICEWATERHOUSE COOPERS ABAS LIMITED,0,['SET'],Tourism & Leisure,21.10,False
OISHI,KPMG PHOOMCHAI AUDIT LIMITED,5,['SET'],Food & Beverage,20.34,False
OR,OFFICE OF THE AUDITOR GENERAL MINISTRY OF FINANCE,0,['SET50'],Energy & Utilities,24.52,False
ORI,EY OFFICE LIMITED,5,"['SET100', 'SETHD']",Property Development,30.80,False
OSP,KPMG PHOOMCHAI AUDIT LIMITED,4,"['SET50', 'SETCLMV', 'SETWB']",Food & Beverage,45.10,False
OTO,EY OFFICE LIMITED,5,['mai'],Services,30.37,False
PACE,EY OFFICE LIMITED,0,['SET'],Property Development,51.31,False
PACO,EY OFFICE LIMITED,0,['mai'],Industrial,25.92,False
PAE,CWWP COMPANY COMPANY LIMITED,0,['SET'],Construction Services,100.00,False
PAF,DR.VIRACH AND ASSOCIATES,3,['SET'],Fashion,57.25,False
PAP,EY OFFICE LIMITED,5,['SET'],Steel,25.57,False
PATO,"AST MASTER CO., LTD.",4,['SET'],Petrochemicals & Chemicals,47.46,False
PB,EY OFFICE LIMITED,4,['SET'],Food & Beverage,18.37,False
PCSGH,EY OFFICE LIMITED,5,['SET'],Automotive,20.14,False
PDG,EY OFFICE LIMITED,4,['mai'],Industrial,45.68,False
PDI,EY OFFICE LIMITED,4,['SET'],Energy & Utilities,61.19,False
PDJ,EY OFFICE LIMITED,5,['SET'],Fashion,58.92,False
PE,EY OFFICE LIMITED,0,['SET'],Finance & Securities,40.06,False
PERM,EY OFFICE LIMITED,0,['SET'],Steel,48.21,False
PF,PRICEWATERHOUSE COOPERS ABAS LIMITED,3,['sSET'],Property Development,74.88,False
PG,EY OFFICE LIMITED,5,['SET'],Fashion,33.72,False
PHOL,"ANS AUDIT CO., LTD.",5,['mai'],Services,44.88,False
PICO,"D I A INTERNATIONAL AUDIT CO.,LTD.",4,['mai'],Services,13.71,False
PIMO,"AST MASTER CO., LTD.",4,['mai'],Industrial,27.66,False
PJW,"DHARMNITI AUDITING CO., LTD.",4,['mai'],Industrial,41.14,False
PK,KARIN AUDIT COMPANY LIMITED,3,['SET'],Industrial Materials & Machinery,34.17,False
PL,KPMG PHOOMCHAI AUDIT LIMITED,4,['SET'],Finance & Securities,62.45,False
PLANB,EY OFFICE LIMITED,5,['SET100'],Media & Publishing,48.29,False
PLANET,A.M.T. & ASSOCIATES,5,['mai'],Technology,34.69,False
PLAT,EY OFFICE LIMITED,5,['sSET'],Property Development,33.05,False
PLE,CWWP COMPANY COMPANY LIMITED,3,['SET'],Construction Services,66.53,False
PM,EY OFFICE LIMITED,4,['sSET'],Food & Beverage,38.83,False
PMTA,KPMG PHOOMCHAI AUDIT LIMITED,3,['SET'],Petrochemicals & Chemicals,20.72,False
POLAR,SIAM TRUTH AUDIT COMPANY LIMITED,0,['SET'],Property Development,99.77,False
POMPUI,"DHARMNITI AUDITING CO., LTD.",0,['SET'],Companies Under Rehabilitation,22.53,False
POPF,KPMG PHOOMCHAI AUDIT LIMITED,0,['SET'],Property Fund & REITs,No Data,True
PORT,"GRANT THORNTON CO., LTD.",5,['SET'],Transportation & Logistics,42.84,False
POST,"DHARMNITI AUDITING CO., LTD.",3,['SET'],Media & Publishing,30.50,False
PPF,PRICEWATERHOUSE COOPERS ABAS LIMITED,0,['SET'],Property Fund & REITs,No Data,True
PPM,"DHARMNITI AUDITING CO., LTD.",3,['mai'],Industrial,32.78,False
PPP,"DELOITTE TOUCHE TOHMATSU JAIYOS  AUDIT CO., LTD.",4,['SET'],Construction Materials,39.64,False
PPPM,A.M.T. & ASSOCIATES,0,['SET'],Agribusiness,69.49,False
PPS,KARIN AUDIT COMPANY LIMITED,5,['mai'],Property & Construction,57.55,False
PR9,EY OFFICE LIMITED,5,['sSET'],Health Care Services,58.66,False
PRAKIT,"BUNCHIKIJ CO., LTD.",3,['SET'],Media & Publishing,58.38,False
PRAPAT,EY OFFICE LIMITED,0,['mai'],Industrial,54.20,False
PREB,"D I A INTERNATIONAL AUDIT CO.,LTD.",5,['SET'],Construction Services,68.52,False
PRECHA,PV AUDIT COMPANY LIMITED,3,['SET'],Property Development,57.05,False
PRG,EY OFFICE LIMITED,5,['SET'],Food & Beverage,5.74,False
PRIME,PRICEWATERHOUSE COOPERS ABAS LIMITED,3,['SET'],Energy & Utilities,15.29,False
PRIN,"D I A INTERNATIONAL AUDIT CO.,LTD.",4,['SET'],Property Development,46.60,False
PRINC,PRICEWATERHOUSE COOPERS ABAS LIMITED,4,['SET'],Health Care Services,11.70,False
PRM,KPMG PHOOMCHAI AUDIT LIMITED,5,"['SET100', 'SETWB']",Transportation & Logistics,29.39,False
PRO,NPS SIAM AUDIT LIMITED.,0,['SET'],Professional Services,64.79,False
PROSPECT,KPMG PHOOMCHAI AUDIT LIMITED,0,['SET'],Property Fund & REITs,67.36,True
PROUD,EY OFFICE LIMITED,3,['mai'],Property & Construction,19.84,False
PSH,KPMG PHOOMCHAI AUDIT LIMITED,5,['SETTHSI'],Property Development,28.26,False
PSL,EY OFFICE LIMITED,5,['sSET'],Transportation & Logistics,46.81,False
PSTC,EY OFFICE LIMITED,4,['mai'],Resources,55.56,False
PT,EY OFFICE LIMITED,4,['SET'],Information & Communication Technology,41.74,False
PTG,PRICEWATERHOUSE COOPERS ABAS LIMITED,5,"['SET100', 'SETTHSI']",Energy & Utilities,51.94,False
PTL,EY OFFICE LIMITED,3,['SET'],Packaging,48.96,False
PTT,EY OFFICE LIMITED,5,"['SET50', 'SETCLMV', 'SETHD', 'SETTHSI']",Energy & Utilities,48.88,False
PTTEP,PRICEWATERHOUSE COOPERS ABAS LIMITED,5,"['SET50', 'SETCLMV', 'SETHD', 'SETTHSI']",Energy & Utilities,35.19,False
PTTGC,"DELOITTE TOUCHE TOHMATSU JAIYOS  AUDIT CO., LTD.",5,"['SET50', 'SETCLMV', 'SETHD', 'SETTHSI']",Petrochemicals & Chemicals,51.81,False
PYLON,PROUD IN PRO COMPANY LIMITED,5,['sSET'],Construction Services,40.59,False
Q-CON,KPMG PHOOMCHAI AUDIT LIMITED,5,['SET'],Construction Materials,8.39,False
QH,EY OFFICE LIMITED,5,"['SET100', 'SETHD']",Property Development,74.86,False
QHHR,EY OFFICE LIMITED,0,['SET'],Property Fund & REITs,No Data,True
QHOP,"DHARMNITI AUDITING CO., LTD.",0,['SET'],Property Fund & REITs,No Data,True
QHPF,EY OFFICE LIMITED,0,['SET'],Property Fund & REITs,No Data,True
QLT,"D I A INTERNATIONAL AUDIT CO.,LTD.",4,['mai'],Services,43.10,False
QTC,"GRANT THORNTON CO., LTD.",5,['mai'],Resources,40.51,False
RAM,"DHARMNITI AUDITING CO., LTD.",0,['SET'],Health Care Services,25.76,False
RATCH,KPMG PHOOMCHAI AUDIT LIMITED,5,"['SET50', 'SETCLMV', 'SETTHSI']",Energy & Utilities,54.99,False
RBF,PRICEWATERHOUSE COOPERS ABAS LIMITED,3,"['SET100', 'SETCLMV', 'SETWB']",Food & Beverage,27.56,False
RCI,KARIN AUDIT COMPANY LIMITED,3,['SET'],Construction Materials,8.96,False
RCL,A.M.T. & ASSOCIATES,4,['sSET'],Transportation & Logistics,47.75,False
RICHY,"DHARMNITI AUDITING CO., LTD.",4,['SET'],Property Development,35.93,False
RJH,CWWP COMPANY COMPANY LIMITED,3,['sSET'],Health Care Services,69.95,False
RML,"DELOITTE TOUCHE TOHMATSU JAIYOS  AUDIT CO., LTD.",4,['sSET'],Property Development,47.23,False
ROCK,EY OFFICE LIMITED,0,['SET'],Home & Office Products,28.06,False
ROH,EY OFFICE LIMITED,0,['SET'],Tourism & Leisure,1.52,False
ROJNA,"ANS AUDIT CO., LTD.",3,['sSET'],Property Development,31.47,False
RP,PV AUDIT COMPANY LIMITED,3,['mai'],Services,37.19,False
RPC,EY OFFICE LIMITED,4,['SET'],Energy & Utilities,72.22,False
RPH,PV AUDIT COMPANY LIMITED,3,['sSET'],Health Care Services,70.17,False
RS,PRICEWATERHOUSE COOPERS ABAS LIMITED,5,"['SET100', 'SETWB']",Commerce,60.60,False
RSP,EY OFFICE LIMITED,3,['SET'],Commerce,28.60,False
RT,EY OFFICE LIMITED,0,['SET'],Construction Services,54.89,False
RWI,SP AUDIT COMPANY LIMITED,4,['mai'],Industrial,30.00,False
S,PRICEWATERHOUSE COOPERS ABAS LIMITED,5,"['sSET', 'SETTHSI']",Property Development,37.59,False
S & J,EY OFFICE LIMITED,5,['SET'],Personal Products & Pharmaceuticals,36.68,False
S11,EY OFFICE LIMITED,4,['sSET'],Finance & Securities,30.01,False
SA,"DELOITTE TOUCHE TOHMATSU JAIYOS  AUDIT CO., LTD.",0,['SET'],Property Development,26.44,False
SAAM,PKF AUDIT (THAILAND) LIMITED,5,['mai'],Resources,23.76,False
SABINA,A.M.T. & ASSOCIATES,5,['sSET'],Fashion,41.94,False
SABUY,KPMG PHOOMCHAI AUDIT LIMITED,0,['SET'],Commerce,40.53,False
SAFARI,"ANS AUDIT CO., LTD.",0,['SET'],Companies Under Rehabilitation,28.45,False
SAK,PRICEWATERHOUSE COOPERS ABAS LIMITED,0,['SET'],Finance & Securities,25.17,False
SALEE,PRICEWATERHOUSE COOPERS ABAS LIMITED,4,['mai'],Industrial,55.13,False
SAM,"D I A INTERNATIONAL AUDIT CO.,LTD.",0,['SET'],Steel,31.48,False
SAMART,EY OFFICE LIMITED,5,"['sSET', 'SETCLMV']",Information & Communication Technology,57.59,False
SAMCO,EY OFFICE LIMITED,4,['SET'],Property Development,47.02,False
SAMTEL,EY OFFICE LIMITED,5,['sSET'],Information & Communication Technology,28.30,False
SANKO,SIAM TRUTH AUDIT COMPANY LIMITED,4,['mai'],Industrial,26.34,False
SAPPE,KPMG PHOOMCHAI AUDIT LIMITED,4,['sSET'],Food & Beverage,24.79,False
SAT,KPMG PHOOMCHAI AUDIT LIMITED,5,"['sSET', 'SETTHSI']",Automotive,58.03,False
SAUCE,KPMG PHOOMCHAI AUDIT LIMITED,0,['SET'],Food & Beverage,22.55,False
SAWAD,PRICEWATERHOUSE COOPERS ABAS LIMITED,4,['SET50'],Finance & Securities,45.08,False
SAWANG,"BUNCHIKIJ CO., LTD.",0,['SET'],Fashion,22.83,False
SBPF,PRICEWATERHOUSE COOPERS ABAS LIMITED,0,['SET'],Property Fund & REITs,No Data,True
SC,PRICEWATERHOUSE COOPERS ABAS LIMITED,5,"['sSET', 'SETTHSI']",Property Development,39.06,False
SCB,KPMG PHOOMCHAI AUDIT LIMITED,5,"['SET50', 'SETHD', 'SETTHSI']",Banking,76.43,False
SCC,KPMG PHOOMCHAI AUDIT LIMITED,5,"['SET50', 'SETCLMV', 'SETHD', 'SETTHSI']",Construction Materials,66.11,False
SCCC,EY OFFICE LIMITED,5,"['SETCLMV', 'SETTHSI']",Construction Materials,27.92,False
SCG,EY OFFICE LIMITED,5,['SET'],Energy & Utilities,28.42,False
SCGP,KPMG PHOOMCHAI AUDIT LIMITED,0,['SET50'],Packaging,29.51,False
SCI,"AST MASTER CO., LTD.",4,['SET'],Energy & Utilities,44.64,False
SCM,"DELOITTE TOUCHE TOHMATSU JAIYOS  AUDIT CO., LTD.",0,['SET'],Commerce,32.24,False
SCN,KPMG PHOOMCHAI AUDIT LIMITED,5,['SET'],Energy & Utilities,36.87,False
SCP,"D I A INTERNATIONAL AUDIT CO.,LTD.",4,['SET'],Construction Materials,52.66,False
SDC,EY OFFICE LIMITED,5,['SET'],Information & Communication Technology,15.69,False
SE,"D I A INTERNATIONAL AUDIT CO.,LTD.",4,['mai'],Services,27.88,False
SE-ED,"DHARMNITI AUDITING CO., LTD.",5,['SET'],Media & Publishing,29.24,False
SEAFCO,NPS SIAM AUDIT LIMITED.,5,['sSET'],Construction Services,74.01,False
SEAOIL,PRICEWATERHOUSE COOPERS ABAS LIMITED,5,['mai'],Resources,39.30,False
SELIC,KPMG PHOOMCHAI AUDIT LIMITED,5,['mai'],Industrial,31.39,False
SENA,KARIN AUDIT COMPANY LIMITED,5,['sSET'],Property Development,38.15,False
SF,PRICEWATERHOUSE COOPERS ABAS LIMITED,3,['sSET'],Property Development,44.52,False
SFLEX,EY OFFICE LIMITED,3,['sSET'],Packaging,31.68,False
SFP,KPMG PHOOMCHAI AUDIT LIMITED,4,['SET'],Food & Beverage,28.73,False
SFT,"DHARMNITI AUDITING CO., LTD.",0,['mai'],Industrial,29.98,False
SGF,PRICEWATERHOUSE COOPERS ABAS LIMITED,4,['mai'],Financials,85.86,False
SGP,PRICEWATERHOUSE COOPERS ABAS LIMITED,3,['SET'],Energy & Utilities,18.52,False
SHANG,EY OFFICE LIMITED,0,['SET'],Tourism & Leisure,15.84,False
SHR,PRICEWATERHOUSE COOPERS ABAS LIMITED,4,['sSET'],Tourism & Leisure,37.75,False
SHREIT,EY OFFICE LIMITED,0,['SET'],Property Fund & REITs,52.07,True
SIAM,"DHARMNITI AUDITING CO., LTD.",4,['SET'],Home & Office Products,38.54,False
SICT,"D I A INTERNATIONAL AUDIT CO.,LTD.",0,['mai'],Technology,30.91,False
SIMAT,"ANS AUDIT CO., LTD.",0,['mai'],Technology,61.22,False
SINGER,KPMG PHOOMCHAI AUDIT LIMITED,4,['sSET'],Commerce,69.39,False
SIRI,EY OFFICE LIMITED,5,"['sSET', 'SETTHSI']",Property Development,73.19,False
SIRIP,EY OFFICE LIMITED,0,['SET'],Property Fund & REITs,No Data,True
SIS,EY OFFICE LIMITED,5,['sSET'],Information & Communication Technology,34.27,False
SISB,EY OFFICE LIMITED,3,['SET'],Professional Services,20.11,False
SITHAI,EY OFFICE LIMITED,5,['SET'],Packaging,66.69,False
SK,"D I A INTERNATIONAL AUDIT CO.,LTD.",0,['mai'],Property & Construction,59.11,False
SKE,KPMG PHOOMCHAI AUDIT LIMITED,4,['SET'],Energy & Utilities,26.61,False
SKN,EY OFFICE LIMITED,3,['SET'],Construction Materials,31.72,False
SKR,"DHARMNITI AUDITING CO., LTD.",4,['SET'],Health Care Services,48.88,False
SKY,PRICEWATERHOUSE COOPERS ABAS LIMITED,4,['mai'],Technology,63.34,False
SLM,"BPR AUDIT AND ADVISORY CO., LTD.",0,['mai'],Services,45.51,False
SLP,PRICEWATERHOUSE COOPERS ABAS LIMITED,3,['SET'],Packaging,31.02,False
SMART,"M.R. & ASSOCIATES CO., LTD.",3,['mai'],Property & Construction,19.21,False
SMIT,"DHARMNITI AUDITING CO., LTD.",4,['SET'],Steel,50.74,False
SMK,KPMG PHOOMCHAI AUDIT LIMITED,5,['SET'],Insurance,15.89,False
SMPC,"GRANT THORNTON CO., LTD.",5,['sSET'],Packaging,39.26,False
SMT,EY OFFICE LIMITED,4,['SET'],Electronic Components,79.05,False
SNC,KPMG PHOOMCHAI AUDIT LIMITED,5,['sSET'],Industrial Materials & Machinery,58.82,False
SNP,"DELOITTE TOUCHE TOHMATSU JAIYOS  AUDIT CO., LTD.",4,['SET'],Food & Beverage,21.24,False
SO,EY OFFICE LIMITED,0,['SET'],Professional Services,25.01,False
SOLAR,OFFICE OF PITISEVI COMPANY LIMITED,3,['SET'],Energy & Utilities,59.08,False
SONIC,PRICEWATERHOUSE COOPERS ABAS LIMITED,5,['mai'],Services,28.32,False
SORKON,EY OFFICE LIMITED,5,['SET'],Food & Beverage,41.18,False
SPA,EY OFFICE LIMITED,4,['mai'],Services,55.80,False
SPACK,OFFICE OF PITISEVI COMPANY LIMITED,0,['SET'],Packaging,24.28,False
SPALI,EY OFFICE LIMITED,5,"['SET100', 'SETTHSI']",Property Development,60.75,False
SPC,"D I A INTERNATIONAL AUDIT CO.,LTD.",4,['SET'],Commerce,38.10,False
SPCG,KPMG PHOOMCHAI AUDIT LIMITED,4,['SET'],Energy & Utilities,34.62,False
SPF,EY OFFICE LIMITED,0,['SET'],Property Fund & REITs,No Data,True
SPG,KPMG PHOOMCHAI AUDIT LIMITED,3,['SET'],Automotive,15.00,False
SPI,EY OFFICE LIMITED,5,['SET'],Commerce,59.08,False
SPRC,PRICEWATERHOUSE COOPERS ABAS LIMITED,5,"['SET100', 'SETCLMV']",Energy & Utilities,39.38,False
SPRIME,PRICEWATERHOUSE COOPERS ABAS LIMITED,0,['SET'],Property Fund & REITs,79.93,True
SPVI,EY OFFICE LIMITED,5,['mai'],Technology,38.14,False
SQ,EY OFFICE LIMITED,3,['SET'],Construction Services,59.36,False
SR,"D I A INTERNATIONAL AUDIT CO.,LTD.",4,['mai'],Resources,32.94,False
SRICHA,"AST MASTER CO., LTD.",4,['sSET'],Construction Services,42.87,False
SRIPANWA,"DELOITTE TOUCHE TOHMATSU JAIYOS  AUDIT CO., LTD.",0,['SET'],Property Fund & REITs,74.21,True
SSC,KPMG PHOOMCHAI AUDIT LIMITED,4,['SET'],Food & Beverage,14.19,False
SSF,KPMG PHOOMCHAI AUDIT LIMITED,4,['SET'],Food & Beverage,24.00,False
SSP,EY OFFICE LIMITED,3,"['sSET', 'SETCLMV']",Energy & Utilities,32.55,False
SSPF,PV AUDIT COMPANY LIMITED,0,['SET'],Property Fund & REITs,No Data,True
SSSC,"GRANT THORNTON CO., LTD.",5,['SET'],Steel,42.32,False
SST,EY OFFICE LIMITED,5,['SET'],Food & Beverage,33.72,False
SSTRT,SP AUDIT COMPANY LIMITED,0,['SET'],Property Fund & REITs,69.27,True
STA,EY OFFICE LIMITED,5,"['SET100', 'SETTHSI']",Agribusiness,54.63,False
STANLY,PRICEWATERHOUSE COOPERS ABAS LIMITED,4,['sSET'],Automotive,34.37,False
STAR,"BPR AUDIT AND ADVISORY CO., LTD.",0,['mai'],Property & Construction,63.39,False
STARK,"DELOITTE TOUCHE TOHMATSU JAIYOS  AUDIT CO., LTD.",3,['SET'],Industrial Materials & Machinery,20.84,False
STC,EY OFFICE LIMITED,3,['mai'],Property & Construction,25.30,False
STEC,EY OFFICE LIMITED,0,['SET100'],Construction Services,65.17,False
STGT,EY OFFICE LIMITED,0,['SET'],Personal Products & Pharmaceuticals,38.01,False
STHAI,"ANS AUDIT CO., LTD.",0,['SET'],Personal Products & Pharmaceuticals,74.47,False
STI,EY OFFICE LIMITED,4,['mai'],Property & Construction,20.34,False
STPI,EY OFFICE LIMITED,4,['sSET'],Construction Services,74.46,False
SUC,EY OFFICE LIMITED,4,['SET'],Fashion,57.40,False
SUN,PRICEWATERHOUSE COOPERS ABAS LIMITED,4,['mai'],Agro & Food Industry,27.10,False
SUPER,"DELOITTE TOUCHE TOHMATSU JAIYOS  AUDIT CO., LTD.",3,"['SET100', 'SETCLMV']",Energy & Utilities,59.87,False
SUPEREIF,EY OFFICE LIMITED,0,['SET'],Energy & Utilities,79.97,True
SUSCO,"DHARMNITI AUDITING CO., LTD.",5,['sSET'],Energy & Utilities,60.09,False
SUTHA,"ANS AUDIT CO., LTD.",5,['SET'],Petrochemicals & Chemicals,22.89,False
SVH,EY OFFICE LIMITED,0,['SET'],Health Care Services,4.23,False
SVI,EY OFFICE LIMITED,5,['SET'],Electronic Components,18.70,False
SVOA,EY OFFICE LIMITED,3,['SET'],Information & Communication Technology,63.83,False
SWC,EY OFFICE LIMITED,0,['mai'],Industrial,25.47,False
SYMC,KPMG PHOOMCHAI AUDIT LIMITED,5,['SET'],Information & Communication Technology,30.13,False
SYNEX,KPMG PHOOMCHAI AUDIT LIMITED,4,"['sSET', 'SETTHSI']",Information & Communication Technology,25.31,False
SYNTEC,KARIN AUDIT COMPANY LIMITED,5,['SET'],Construction Services,67.40,False
T,"DELOITTE TOUCHE TOHMATSU JAIYOS  AUDIT CO., LTD.",4,['mai'],Property & Construction,69.41,False
TACC,EY OFFICE LIMITED,5,['mai'],Agro & Food Industry,60.96,False
TAE,EY OFFICE LIMITED,4,['SET'],Energy & Utilities,41.02,False
TAKUNI,KPMG PHOOMCHAI AUDIT LIMITED,4,['mai'],Resources,48.20,False
TAPAC,PROUD IN PRO COMPANY LIMITED,0,['mai'],Property & Construction,40.57,False
TASCO,EY OFFICE LIMITED,5,"['SET100', 'SETCLMV', 'SETHD', 'SETTHSI']",Construction Materials,39.44,False
TBSP,KPMG PHOOMCHAI AUDIT LIMITED,4,['SET'],Media & Publishing,2.77,False
TC,KPMG PHOOMCHAI AUDIT LIMITED,3,['SET'],Food & Beverage,44.53,False
TCAP,EY OFFICE LIMITED,5,"['SET100', 'SETHD']",Banking,68.54,False
TCC,SIAM TRUTH AUDIT COMPANY LIMITED,4,['SET'],Energy & Utilities,59.33,False
TCCC,"DELOITTE TOUCHE TOHMATSU JAIYOS  AUDIT CO., LTD.",3,['SET'],Petrochemicals & Chemicals,7.56,False
TCJ,"DHARMNITI AUDITING CO., LTD.",0,['SET'],Industrial Materials & Machinery,68.52,False
TCMC,"DHARMNITI AUDITING CO., LTD.",4,['SET'],Construction Materials,62.92,False
TCOAT,"DHARMNITI AUDITING CO., LTD.",0,['SET'],Packaging,26.66,False
TEAM,DR.VIRACH AND ASSOCIATES,4,['SET'],Electronic Components,26.97,False
TEAMG,EY OFFICE LIMITED,4,['SET'],Construction Services,53.79,False
TFFIF,EY OFFICE LIMITED,0,['SET'],Transportation & Logistics,92.19,True
TFG,KPMG PHOOMCHAI AUDIT LIMITED,4,['SET'],Food & Beverage,17.90,False
TFI,KARIN AUDIT COMPANY LIMITED,0,['SET'],Packaging,15.86,False
TFMAMA,EY OFFICE LIMITED,5,['SET'],Food & Beverage,24.73,False
TGH,KPMG PHOOMCHAI AUDIT LIMITED,4,['SET'],Insurance,19.16,False
TGPRO,KARIN AUDIT COMPANY LIMITED,0,['SET'],Steel,60.53,False
TH,"BUNCHIKIJ CO., LTD.",0,['SET'],Media & Publishing,49.89,False
THAI,"DELOITTE TOUCHE TOHMATSU JAIYOS  AUDIT CO., LTD.",0,['SET'],Transportation & Logistics,52.14,False
THANA,KARIN AUDIT COMPANY LIMITED,5,['mai'],Property & Construction,31.09,False
THANI,EY OFFICE LIMITED,5,"['SET100', 'SETHD']",Finance & Securities,34.13,False
THCOM,"DELOITTE TOUCHE TOHMATSU JAIYOS  AUDIT CO., LTD.",5,"['sSET', 'SETCLMV', 'SETTHSI']",Information & Communication Technology,58.86,False
THE,KPMG PHOOMCHAI AUDIT LIMITED,0,['SET'],Steel,28.99,False
THG,PRICEWATERHOUSE COOPERS ABAS LIMITED,5,['SETWB'],Health Care Services,53.30,False
THIP,EY OFFICE LIMITED,5,['SET'],Packaging,30.85,False
THL,A.M.T. & ASSOCIATES,0,['SET'],Mining,43.46,False
THMUI,EY OFFICE LIMITED,3,['mai'],Services,37.01,False
THRE,EY OFFICE LIMITED,5,['sSET'],Insurance,50.60,False
THREL,EY OFFICE LIMITED,5,['SET'],Insurance,88.47,False
TIF1,SP AUDIT COMPANY LIMITED,0,['SET'],Property Fund & REITs,No Data,True
TIGER,"AST MASTER CO., LTD.",4,['mai'],Property & Construction,27.56,False
TIP,PRICEWATERHOUSE COOPERS ABAS LIMITED,5,['sSET'],Insurance,54.50,False
TIPCO,EY OFFICE LIMITED,5,['sSET'],Food & Beverage,49.36,False
TISCO,EY OFFICE LIMITED,5,"['SET50', 'SETHD', 'SETTHSI']",Banking,82.04,False
TITLE,SIAM TRUTH AUDIT COMPANY LIMITED,4,['mai'],Property & Construction,30.40,False
TK,"M.R. & ASSOCIATES CO., LTD.",5,['SET'],Finance & Securities,25.88,False
TKN,"DELOITTE TOUCHE TOHMATSU JAIYOS  AUDIT CO., LTD.",4,['SETWB'],Food & Beverage,41.16,False
TKS,KPMG PHOOMCHAI AUDIT LIMITED,4,['sSET'],Media & Publishing,59.05,False
TKT,KARIN AUDIT COMPANY LIMITED,5,['SET'],Automotive,47.91,False
TLHPF,PV AUDIT COMPANY LIMITED,0,['SET'],Property Fund & REITs,No Data,True
TM,"M.R. & ASSOCIATES CO., LTD.",4,['mai'],Consumer Products,39.23,False
TMB,KPMG PHOOMCHAI AUDIT LIMITED,5,"['SET50', 'SETTHSI']",Banking,29.59,False
TMC,"SAMNAK-NGAN A.M.C. CO., LTD.",4,['mai'],Industrial,69.28,False
TMD,"BUNCHIKIJ CO., LTD.",4,['SET'],Packaging,34.31,False
TMI,"AST MASTER CO., LTD.",4,['mai'],Industrial,28.08,False
TMILL,"SAMNAK-NGAN A.M.C. CO., LTD.",5,['mai'],Agro & Food Industry,29.54,False
TMT,PRICEWATERHOUSE COOPERS ABAS LIMITED,4,['SET'],Steel,26.84,False
TMW,EY OFFICE LIMITED,0,['mai'],Industrial,21.37,False
TNDT,"M.R. & ASSOCIATES CO., LTD.",5,['mai'],Services,51.41,False
TNH,EY OFFICE LIMITED,3,['mai'],Services,41.12,False
TNITY,EY OFFICE LIMITED,4,['SET'],Finance & Securities,52.53,False
TNL,ASV & ASSOCIATES LIMITED,5,['SET'],Fashion,25.04,False
TNP,"ANS AUDIT CO., LTD.",4,['mai'],Services,27.60,False
TNPC,"DHARMNITI AUDITING CO., LTD.",0,['SET'],Automotive,64.52,False
TNPF,PRICEWATERHOUSE COOPERS ABAS LIMITED,0,['SET'],Property Fund & REITs,No Data,True
TNR,PRICEWATERHOUSE COOPERS ABAS LIMITED,4,['SET'],Personal Products & Pharmaceuticals,22.53,False
TOA,PRICEWATERHOUSE COOPERS ABAS LIMITED,5,"['SET50', 'SETTHSI']",Construction Materials,25.02,False
TOG,EY OFFICE LIMITED,4,['SET'],Personal Products & Pharmaceuticals,47.24,False
TOP,PRICEWATERHOUSE COOPERS ABAS LIMITED,5,"['SET50', 'SETCLMV', 'SETHD', 'SETTHSI']",Energy & Utilities,51.96,False
TOPP,A.M.T. & ASSOCIATES,3,['SET'],Packaging,25.25,False
TPA,EY OFFICE LIMITED,4,['SET'],Petrochemicals & Chemicals,23.55,False
TPAC,EY OFFICE LIMITED,4,['mai'],Industrial,20.50,False
TPBI,EY OFFICE LIMITED,5,['SET'],Packaging,36.60,False
TPCH,"D I A INTERNATIONAL AUDIT CO.,LTD.",3,['mai'],Resources,57.44,False
TPCORP,ASV & ASSOCIATES LIMITED,4,['SET'],Fashion,25.64,False
TPIPL,KPMG PHOOMCHAI AUDIT LIMITED,0,['SET'],Construction Materials,39.71,False
TPIPP,KPMG PHOOMCHAI AUDIT LIMITED,3,"['SET100', 'SETHD']",Energy & Utilities,28.71,False
TPLAS,"M.R. & ASSOCIATES CO., LTD.",3,['mai'],Industrial,25.74,False
TPOLY,"D I A INTERNATIONAL AUDIT CO.,LTD.",4,['SET'],Construction Services,56.05,False
TPP,DR.VIRACH AND ASSOCIATES,0,['SET'],Packaging,28.55,False
TPRIME,EY OFFICE LIMITED,0,['SET'],Property Fund & REITs,37.90,True
TPS,"DHARMNITI AUDITING CO., LTD.",4,['mai'],Technology,31.67,False
TQM,KPMG PHOOMCHAI AUDIT LIMITED,5,['SET100'],Insurance,40.58,False
TQR,PRICEWATERHOUSE COOPERS ABAS LIMITED,0,['mai'],Financials,25.06,False
TR,KPMG PHOOMCHAI AUDIT LIMITED,0,['SET'],Fashion,43.63,False
TRC,"DHARMNITI AUDITING CO., LTD.",5,['SET'],Construction Services,69.67,False
TRITN,"DELOITTE TOUCHE TOHMATSU JAIYOS  AUDIT CO., LTD.",4,['sSET'],Construction Services,65.82,False
TRT,A.M.T. & ASSOCIATES,4,['mai'],Resources,67.09,False
TRU,"ANS AUDIT CO., LTD.",4,['SET'],Automotive,26.37,False
TRUBB,KPMG PHOOMCHAI AUDIT LIMITED,0,['SET'],Agribusiness,59.67,False
TRUE,PRICEWATERHOUSE COOPERS ABAS LIMITED,5,"['SET50', 'SETTHSI']",Information & Communication Technology,31.86,False
TSC,EY OFFICE LIMITED,5,['SET'],Automotive,19.21,False
TSE,PRICEWATERHOUSE COOPERS ABAS LIMITED,4,['sSET'],Energy & Utilities,38.94,False
TSF,"D I A INTERNATIONAL AUDIT CO.,LTD.",0,['mai'],Services,99.85,False
TSI,MAZARS COMPANY LIMITED,0,['SET'],Insurance,32.65,False
TSR,KPMG PHOOMCHAI AUDIT LIMITED,5,['SET'],Home & Office Products,37.29,False
TSTE,"SAMNAK-NGAN A.M.C. CO., LTD.",5,['SET'],Transportation & Logistics,25.88,False
TSTH,PRICEWATERHOUSE COOPERS ABAS LIMITED,5,['SET'],Steel,32.09,False
TTA,KPMG PHOOMCHAI AUDIT LIMITED,5,['sSET'],Transportation & Logistics,67.48,False
TTCL,"GRANT THORNTON CO., LTD.",5,['SET'],Construction Services,63.00,False
TTI,"AST MASTER CO., LTD.",3,['SET'],Fashion,33.65,False
TTLPF,PRICEWATERHOUSE COOPERS ABAS LIMITED,0,['SET'],Property Fund & REITs,No Data,True
TTT,KPMG PHOOMCHAI AUDIT LIMITED,0,['SET'],Fashion,30.64,False
TTW,EY OFFICE LIMITED,5,"['SET100', 'SETHD', 'SETTHSI']",Energy & Utilities,36.11,False
TU,PRICEWATERHOUSE COOPERS ABAS LIMITED,5,"['SET50', 'SETTHSI', 'SETWB']",Food & Beverage,64.99,False
TU-PF,"D I A INTERNATIONAL AUDIT CO.,LTD.",0,['SET'],Property Fund & REITs,No Data,True
TVD,"DHARMNITI AUDITING CO., LTD.",5,['mai'],Services,59.41,False
TVI,EY OFFICE LIMITED,5,['SET'],Insurance,30.24,False
TVO,EY OFFICE LIMITED,5,"['SET100', 'SETHD', 'SETTHSI', 'SETWB']",Food & Beverage,61.94,False
TVT,DR.VIRACH AND ASSOCIATES,4,['mai'],Services,38.21,False
TWP,"BUNCHIKIJ CO., LTD.",4,['SET'],Steel,53.05,False
TWPC,EY OFFICE LIMITED,5,['sSET'],Agribusiness,50.26,False
TWZ,KARIN AUDIT COMPANY LIMITED,0,['SET'],Information & Communication Technology,83.23,False
TYCN,EY OFFICE LIMITED,3,['SET'],Steel,29.56,False
U,EY OFFICE LIMITED,5,['sSET'],Property Development,52.99,False
UAC,EY OFFICE LIMITED,5,['sSET'],Petrochemicals & Chemicals,31.76,False
UBIS,KPMG PHOOMCHAI AUDIT LIMITED,5,['mai'],Industrial,31.40,False
UEC,EY OFFICE LIMITED,4,['mai'],Industrial,71.01,False
UKEM,"DHARMNITI AUDITING CO., LTD.",3,['mai'],Industrial,55.44,False
UMI,KARIN AUDIT COMPANY LIMITED,4,['SET'],Construction Materials,58.51,False
UMS,KPMG PHOOMCHAI AUDIT LIMITED,3,['mai'],Resources,6.14,False
UNIQ,BAKER TILLY AUDIT AND ADVISORY SERVICES (THAILAND) LTD.,0,['sSET'],Construction Services,56.52,False
UOBKH,"DELOITTE TOUCHE TOHMATSU JAIYOS  AUDIT CO., LTD.",4,['SET'],Finance & Securities,12.81,False
UP,EY OFFICE LIMITED,4,['SET'],Petrochemicals & Chemicals,30.17,False
UPA,PRICEWATERHOUSE COOPERS ABAS LIMITED,0,['mai'],Resources,63.57,False
UPF,EY OFFICE LIMITED,4,['SET'],Fashion,18.19,False
UPOIC,EY OFFICE LIMITED,4,['SET'],Agribusiness,24.34,False
URBNPF,"DHARMNITI AUDITING CO., LTD.",0,['SET'],Property Fund & REITs,No Data,True
UREKA,KARIN AUDIT COMPANY LIMITED,0,['mai'],Industrial,58.67,False
UT,EY OFFICE LIMITED,4,['SET'],Fashion,25.23,False
UTP,"D I A INTERNATIONAL AUDIT CO.,LTD.",4,"['sSET', 'SETCLMV']",Paper & Printing Materials,39.61,False
UV,KPMG PHOOMCHAI AUDIT LIMITED,5,['sSET'],Property Development,33.70,False
UVAN,PRICEWATERHOUSE COOPERS ABAS LIMITED,0,['SET'],Agribusiness,48.28,False
UWC,SP AUDIT COMPANY LIMITED,4,['mai'],Resources,62.28,False
VARO,EY OFFICE LIMITED,0,['SET'],Industrial Materials & Machinery,23.78,False
VCOM,KPMG PHOOMCHAI AUDIT LIMITED,3,['mai'],Technology,25.17,False
VGI,EY OFFICE LIMITED,5,['SET50'],Media & Publishing,24.70,False
VI,"BPR AUDIT AND ADVISORY CO., LTD.",0,['SET'],Companies Under Rehabilitation,14.58,False
VIBHA,"DHARMNITI AUDITING CO., LTD.",0,['SETWB'],Health Care Services,35.44,False
VIH,EY OFFICE LIMITED,5,['sSET'],Health Care Services,29.57,False
VL,"DHARMNITI AUDITING CO., LTD.",4,['mai'],Services,32.43,False
VNG,"SAMNAK-NGAN A.M.C. CO., LTD.",0,['SET'],Construction Materials,23.87,False
VNT,KPMG PHOOMCHAI AUDIT LIMITED,4,['SET'],Petrochemicals & Chemicals,16.24,False
VPO,PRICEWATERHOUSE COOPERS ABAS LIMITED,4,['SET'],Agribusiness,32.23,False
VRANDA,KPMG PHOOMCHAI AUDIT LIMITED,3,['SET'],Tourism & Leisure,33.57,False
W,"GRANT THORNTON CO., LTD.",0,['SET'],Electronic Components,24.14,False
WACOAL,"DELOITTE TOUCHE TOHMATSU JAIYOS  AUDIT CO., LTD.",5,['SET'],Fashion,27.89,False
WAVE,PRICEWATERHOUSE COOPERS ABAS LIMITED,5,['SET'],Media & Publishing,44.57,False
WGE,"D I A INTERNATIONAL AUDIT CO.,LTD.",0,['SET'],Construction Services,26.25,False
WHA,PRICEWATERHOUSE COOPERS ABAS LIMITED,5,"['SET100', 'SETTHSI']",Property Development,56.78,False
WHABT,PRICEWATERHOUSE COOPERS ABAS LIMITED,0,['SET'],Property Fund & REITs,84.41,True
WHART,PRICEWATERHOUSE COOPERS ABAS LIMITED,0,['SET'],Property Fund & REITs,84.19,True
WHAUP,PRICEWATERHOUSE COOPERS ABAS LIMITED,5,"['SET100', 'SETHD', 'SETTHSI']",Energy & Utilities,26.80,False
WICE,EY OFFICE LIMITED,5,['sSET'],Transportation & Logistics,40.53,False
WIIK,EY OFFICE LIMITED,4,['SET'],Construction Materials,72.32,False
WIN,CWWP COMPANY COMPANY LIMITED,3,['SET'],Property Development,32.17,False
WINNER,EY OFFICE LIMITED,5,['mai'],Services,38.90,False
WORK,KPMG PHOOMCHAI AUDIT LIMITED,3,['sSET'],Media & Publishing,49.07,False
WORLD,PRICEWATERHOUSE COOPERS ABAS LIMITED,0,['SET'],Companies Under Rehabilitation,15.15,False
WP,PRICEWATERHOUSE COOPERS ABAS LIMITED,4,['SET'],Energy & Utilities,42.55,False
WPH,"DHARMNITI AUDITING CO., LTD.",3,['SET'],Health Care Services,29.12,False
WR,PRICEWATERHOUSE COOPERS ABAS LIMITED,0,['SET'],Companies Under Rehabilitation,2.96,False
XO,KPMG PHOOMCHAI AUDIT LIMITED,4,['mai'],Agro & Food Industry,29.60,False
YCI,SIAM TRUTH AUDIT COMPANY LIMITED,0,['SET'],Petrochemicals & Chemicals,43.53,False
YGG,PRICEWATERHOUSE COOPERS ABAS LIMITED,0,['mai'],Services,22.09,False
YUASA,EY OFFICE LIMITED,4,['mai'],Industrial,15.27,False
ZEN,KPMG PHOOMCHAI AUDIT LIMITED,4,['sSET'],Food & Beverage,26.86,False
ZIGA,"ANS AUDIT CO., LTD.",4,['mai'],Industrial,39.75,False
ZMICO,EY OFFICE LIMITED,4,['SET'],Finance & Securities,64.95,False
2S,"GRANT THORNTON CO., LTD.",4,['mai'],Industrial,58.29,False
3K-BAT,EY OFFICE LIMITED,0,['SET'],Automotive,2.10,False
7UP,MAZARS COMPANY LIMITED,3,['SET'],Energy & Utilities,91.98,False
